Number;Brand;Model
0;Acura;"2017 NSX"
0;Acura;"NSX GT3 EVO"
0;Ajlani;Drakuma
0;"Alfa Romeo";"Giulia GTAm"
0;Apex;AP-0
0;Apollo;EVO
0;Apollo;IE
0;Apollo;N
0;Arash;AF10
0;Arash;"AF8 Falcon Édition"
0;Arash;Imperium
0;Ares;S1
0;Arrinera;"Hussarya 33"
0;Artega;"Scalo Superelletra"
0;Aspark;Owl
0;"Aston Martin";DB11
0;"Aston Martin";DB12
0;"Aston Martin";"DBS GT Zagato"
0;"Aston Martin";"DBS Superleggera"
0;"Aston Martin";One77
0;"Aston Martin";"V12 Speedster"
0;"Aston Martin";"Valhalla Concept Car"
0;"Aston Martin";Valkyrie
0;"Aston Martin";Valour
0;"Aston Martin";"Vantage GT12"
0;"Aston Martin";"Vantage V12 2022"
0;"Aston Martin";Victor
0;"Aston Martin";Vulcan
0;"ATS Automobili";"Corsa RRTurbo"
0;"ATS Automobili";GT
0;"Automobili Pininfarina";Battista
0;"Automobili Pininfarina";"Battista Edizione Nino Farina"
0;Bentley;"Continental GT Speed"
0;Bentley;"Continental GT3"
0;Bentley;"Mulliner Bacalar"
0;BMW;"3.0 CSL Hommage"
0;BMW;"I8 Roadster"
0;BMW;"M4 GT3"
0;BMW;"M4 GTS"
0;BMW;"Z4 LCI E89"
0;Bolwell;"MK X Nagari 500"
0;Brabham;BT62
0;Bugatti;Bolide
0;Bugatti;Centodieci
0;Bugatti;Chiron
0;Bugatti;"Chiron Pur Sport"
0;Bugatti;"Chiron Super Sport 300+"
0;Bugatti;Divo
0;Bugatti;EB110
0;Bugatti;"La Voiture Noire"
0;Bugatti;Mistral
0;Bugatti;"Veyron 16.4 Grand Sport Vitesse"
0;BXR;"Bailey Blade GT1"
0;Cadillac;"Cien Concept"
0;Chevrolet;"Camaro LT"
0;Chevrolet;"Camaro ZL1 50th Edition"
0;Chevrolet;"Corvette C7.R"
0;Chevrolet;"Corvette Grand Sport"
0;Chevrolet;"Corvette Stingray"
0;Chevrolet;"Corvette ZR1"
0;Chrysler;ME412
0;Citroën;"DS Survolt"
0;Citroën;"GT by Citroën"
0;Czinger;21C
0;"De Tomaso";P72
0;"De Tomaso";P900
0;Deus;Vayanne
0;Devel;Sixteen
0;Dodge;"Challenger Pack 392 Hemi Scat"
0;Dodge;"Challenger SRT8"
0;Dodge;"Viper ACR"
0;Dodge;"Viper GTS"
0;Donkervoort;"D8 GTO"
0;Drako;GTE
0;"DS Automobiles";"DS E-Tense"
0;"DS Automobiles";"E-TENSE Performance"
0;"Exotic Rides";W70
0;"Faraday Future";FFZero1
0;Ferrari;"296 GTB"
0;Ferrari;"488 GTB"
0;Ferrari;"488 GTB Challenge EVO"
0;Ferrari;"499P Modificata"
0;Ferrari;"599XX EVO"
0;Ferrari;"812 Superfast"
0;Ferrari;"Daytona SP3"
0;Ferrari;"Enzo Ferrari"
0;Ferrari;"F12 Berlinetta"
0;Ferrari;F12TDF
0;Ferrari;F40
0;Ferrari;F50
0;Ferrari;"F8 Tributo"
0;Ferrari;"FXX K"
0;Ferrari;J50
0;Ferrari;LaFerrari
0;Ferrari;"LaFerrari Aperta"
0;Ferrari;"Monza SP1"
0;Ferrari;Roma
0;Ferrari;"SF90 Stradale"
0;Ferrari;"SF90 XX Stradale"
0;Ford;GT
0;Ford;"GT Frankie Edition"
0;Ford;"GT MK II"
0;Ford;"GT MK IV"
0;Ford;"Mustang Mach-E1400"
0;Ford;"Mustang RTR Spec 5 10th Anniversary"
0;Ford;"Shelby GR-1"
0;Ford;"Shelby GT350R"
0;Ford;"Shelby Super Snake"
0;Ford;"Team Fordzilla P1"
0;"Formule E";"GEN 2 Asphalt Édition"
0;"Formule E";"GEN 3 EVO Championship Edition"
0;"FV Frangivento";Asfanè
0;"FV Frangivento";GT65
0;"FV Frangivento";"Sorpasso GT3"
0;Genty;Akylone
0;Ginetta;G60
0;Glickenhaus;003S
0;Glickenhaus;004C
0;Glickenhaus;007S
0;Hennessey;"Venom F5"
0;Honda;"Civic Type-R"
0;HTT;"Locus Pléthore LC750"
0;Hyundai;"Ioniq 5 N"
0;Hyundai;"N Vision 74 Concept"
0;Icona;"Vulcano Titanium"
0;"Inferno Automobili";Inferno
0;Infiniti;"Projet Black S"
0;Italdesign;DaVinci
0;Italdesign;Zerouno
0;Jaguar;C-X75
0;Jaguar;"F-Type SVR"
0;Jaguar;"XE SV Project 8"
0;Jaguar;"XJ220S TWR"
0;Jaguar;XJR-15
0;Jaguar;XJR-9
0;Jaguar;"XKR-S GT"
0;Kepler;Motion
0;Kimera;EVO37
0;Koenigsegg;"Agera RS"
0;Koenigsegg;CC850
0;Koenigsegg;CCXR
0;Koenigsegg;Gemera
0;Koenigsegg;Jesko
0;Koenigsegg;"Jesko Absolut"
0;Koenigsegg;Regera
0;KTM;"X-Bow GTX"
0;Lamborghini;Asterion
0;Lamborghini;Autentica
0;Lamborghini;"Aventador J"
0;Lamborghini;"Aventador SV Coupé"
0;Lamborghini;"Aventador SVJ Roadster"
0;Lamborghini;Centenario
0;Lamborghini;"Countach 25th Anniversary"
0;Lamborghini;"Countach LPI 800-4"
0;Lamborghini;"Diablo GT"
0;Lamborghini;Egoista
0;Lamborghini;"Essenza SCV12"
0;Lamborghini;"Gallardo LP560-4"
0;Lamborghini;"Huracán Evo Spyder"
0;Lamborghini;"Huracán STO"
0;Lamborghini;"Huracán Super Trofeo Evo"
0;Lamborghini;Invencible
0;Lamborghini;"Miura Concept"
0;Lamborghini;"Murcielago LP 640 Roadster"
0;Lamborghini;"Reventón Roadster"
0;Lamborghini;Revuelto
0;Lamborghini;SC18
0;Lamborghini;SC20
0;Lamborghini;SC63
0;Lamborghini;"Sesto Elemento"
0;Lamborghini;"Sián FKP 37"
0;Lamborghini;Temerario
0;Lamborghini;"Terzo Millennio"
0;Lamborghini;Veneno
0;"Lego Technic";"Aston Martin Valkyrie"
0;"Lego Technic";"Chevrolet Corvette Stingray"
0;"Lego Technic";"Ferrari FXX K"
0;"Lego Technic";"Lamborghini Revuelto"
0;"Lego Technic";"McLaren Senna GTR"
0;Lexus;"Electrified Sport Concept"
0;Lotus;E-R9
0;Lotus;"Elise Sprint 220"
0;Lotus;Emira
0;Lotus;Evija
0;Lotus;"Evora Sport 410"
0;Maserati;Alfieri
0;Maserati;MC12
0;Maserati;MC20
0;Maserati;"MC20 GT2"
0;Mazda;Furai
0;McLaren;"570S Spider"
0;McLaren;"600LT Spider"
0;McLaren;"650S GT3"
0;McLaren;765LT
0;McLaren;Artura
0;McLaren;Elva
0;McLaren;"F1 LM"
0;McLaren;GT
0;McLaren;P1
0;McLaren;Sabre
0;McLaren;Senna
0;McLaren;"Senna GTR"
0;McLaren;"Solus GT"
0;McLaren;Speedtail
0;McMurtry;Spéirling
0;Mercedes-Benz;"2022 Showcar Vision AMG"
0;Mercedes-Benz;"AMG GT Black Series"
0;Mercedes-Benz;"AMG GT S"
0;Mercedes-Benz;CLK-GTR
0;Mercedes-Benz;"Mercedes-AMG ONE"
0;Mercedes-Benz;"Silver Lightning"
0;Mercedes-Benz;"SLR McLaren"
0;Mercedes-Benz;"Vision One-Eleven"
0;Mitsubishi;"Lancer Evolution"
0;Mosler;"Super GT"
0;Naran;"Hyper Coupé"
0;Nio;EP9
0;Nissan;"370Z Édition Néon"
0;Nissan;"37OZ Nismo"
0;Nissan;"GT-R Néon Édition"
0;Nissan;"GT-R Nismo"
0;Nissan;"GTR-50 Italdesign"
0;Nissan;"Leaf Nismo RC"
0;Nissan;"R390 GT1"
0;Nissan;"Z GT4"
0;Noble;"M600 Speedster"
0;Pagani;"Huayra BC"
0;Pagani;"Huayra R"
0;Pagani;Imola
0;Pagani;"Utopia Coupé"
0;Pagani;"Zonda Cinque"
0;Pagani;"Zonda HP Barchetta"
0;Pagani;"Zonda R"
0;Peugeot;9X8
0;Peugeot;Onyx
0;Peugeot;SR1
0;Pininfarina;"H2 Speed"
0;Pininfarina;Teorema
0;Porsche;"718 Cayman"
0;Porsche;"718 Cayman GT4 Clubsport"
0;Porsche;"911 50 Years Porsche Design"
0;Porsche;"911 Carrera RS 3.8"
0;Porsche;"911 GT1 Evolution"
0;Porsche;"911 GT2 RS Clubsport"
0;Porsche;"911 GT3 RS"
0;Porsche;"911 GTS Coupé"
0;Porsche;"911 Targa 4S"
0;Porsche;"911 Turbo 50 Years"
0;Porsche;"918 Spyder"
0;Porsche;"935 (2019)"
0;Porsche;"Boxster 25th Anniversary"
0;Porsche;"Carrera GT"
0;Porsche;"Mission R"
0;Porsche;"Panamera Turbo S"
0;Porsche;"Taycan Turbo S"
0;Praga;Bohema
0;Praga;R1
0;Puritalia;Berlinetta
0;Raesr;"Tachyon Speed"
0;Raesr;Tartarus
0;Renault;Dezir
0;Renault;"R.S. 01"
0;Renault;TreZor
0;Rezvani;"Beast X"
0;Rimac;"Concept S"
0;Rimac;Concept_One
0;Rimac;Nevera
0;Rimac;"Nevera Time Attack"
0;Saleen;S1
0;Saleen;"S7 Twin Turbo"
0;Sin;"R1 550"
0;"Spania GTA";"2015 GTA Spano"
0;SSC;Tuatara
0;SSC;"Tuatara Striker"
0;SSC;"Ultimate Aero TT"
0;Techrules;"AT96 track version"
0;"Torino Design";"Super Sport"
0;Toroidion;1MW
0;Toyota;"GR Super Sport Concept"
0;Toyota;"GR Supra 2023"
0;Toyota;"GR Supra Racing Concept"
0;Trion;Nemesis
0;Tushek;"TS 900 Racer Pro"
0;TVR;Griffith
0;TVR;Sagaris
0;Ultima;RS
0;"Vanda Electrics";Dendrobium
0;Vencer;Sarthe
0;Vision;1789
0;VLF;"Force 1 V10"
0;Volkswagen;"Electric R"
0;Volkswagen;"W12 Coupe"
0;Volkswagen;"XL Sport Concept"
0;"W Motors";"Fenyr Supersport"
0;"W Motors";"Lykan Édition Néon"
0;"W Motors";"Lykan Hypersport"
0;Zenvo;"Aurora Tur"
0;Zenvo;"TS1 GT Anniversary"
0;Zenvo;TSR-S
0;Lotus;Emeya
0;"Aston Martin";"DBS 770 Ultimate"
0;BMW;"M Hybrid V8"
0;"Automobili Pininfarina";B95
0;Ford;"Mustang RTR Spec 5-FD"
0;Raesr;Aglaia
0;Koenigsegg;One:1
0;Dodge;"Charger SRT Hellcat Redeye Widebody"
0;Mercedes-Benz;"C 63 AMG DTM"
0;McLaren;"750S Coupé"
0;Zenvo;"Aurora Agil"
0;"Lego Technic";"Bugatti Chiron Pur Sport"
0;Tushek;"Aeon E"
0;Koenigsegg;Chimera
0;Lexus;"LFA Nürburgring Package"
0;"Lego Technic";"BMW M4 GT3 EVO"
0;Porsche;"935 Dragonforce Edition"
0;Nilu27;Nilu
0;Icona;"Vulcano Spyder"
0;Rimac;"Nevera R"
